cidade,cidade_formatada
Aceguá,Acegu%C3%A1
Água Santa,%C3%81gua%20Santa
Agudo,Agudo
Ajuricaba,Ajuricaba
Alecrim,Alecrim
Alegrete,Alegrete
Alegria,Alegria
Almirante Tamandaré do Sul,Almirante%20Tamandar%C3%A9%20do%20Sul
Alpestre,Alpestre
Alto Alegre,Alto%20Alegre
Alto Feliz,Alto%20Feliz
Alvorada,Alvorada
Amaral Ferrador,Amaral%20Ferrador
Ametista do Sul,Ametista%20do%20Sul
André da Rocha,Andr%C3%A9%20da%20Rocha
Anta Gorda,Anta%20Gorda
Antônio Prado,Ant%C3%B4nio%20Prado
Arambaré,Arambar%C3%A9
Araricá,Araric%C3%A1
Aratiba,Aratiba
Arroio do Meio,Arroio%20do%20Meio
Arroio do Padre,Arroio%20do%20Padre
Arroio do Sal,Arroio%20do%20Sal
Arroio do Tigre,Arroio%20do%20Tigre
Arroio dos Ratos,Arroio%20dos%20Ratos
Arroio Grande,Arroio%20Grande
Arvorezinha,Arvorezinha
Augusto Pestana,Augusto%20Pestana
Áurea,%C3%81urea
Bagé,Bag%C3%A9
Balneário Pinhal,Balne%C3%A1rio%20Pinhal
Barão,Bar%C3%A3o
Barão de Cotegipe,Bar%C3%A3o%20de%20Cotegipe
Barão do Triunfo,Bar%C3%A3o%20do%20Triunfo
Barra do Guarita,Barra%20do%20Guarita
Barra do Quaraí,Barra%20do%20Quara%C3%AD
Barra do Ribeiro,Barra%20do%20Ribeiro
Barra do Rio Azul,Barra%20do%20Rio%20Azul
Barra Funda,Barra%20Funda
Barracão,Barrac%C3%A3o
Barros Cassal,Barros%20Cassal
Benjamin Constant do Sul,Benjamin%20Constant%20do%20Sul
Bento Gonçalves,Bento%20Gon%C3%A7alves
Boa Vista das Missões,Boa%20Vista%20das%20Miss%C3%B5es
Boa Vista do Buricá,Boa%20Vista%20do%20Buric%C3%A1
Boa Vista do Cadeado,Boa%20Vista%20do%20Cadeado
Boa Vista do Incra,Boa%20Vista%20do%20Incra
Boa Vista do Sul,Boa%20Vista%20do%20Sul
Bom Jesus,Bom%20Jesus
Bom Princípio,Bom%20Princ%C3%ADpio
Bom Progresso,Bom%20Progresso
Bom Retiro do Sul,Bom%20Retiro%20do%20Sul
Boqueirão do Leão,Boqueir%C3%A3o%20do%20Le%C3%A3o
Bossoroca,Bossoroca
Bozano,Bozano
Braga,Braga
Brochier,Brochier
Butiá,Buti%C3%A1
Caçapava do Sul,Ca%C3%A7apava%20do%20Sul
Cacequi,Cacequi
Cachoeira do Sul,Cachoeira%20do%20Sul
Cachoeirinha,Cachoeirinha
Cacique Doble,Cacique%20Doble
Caibaté,Caibat%C3%A9
Caiçara,Cai%C3%A7ara
Camaquã,Camaqu%C3%A3
Camargo,Camargo
Cambará do Sul,Cambar%C3%A1%20do%20Sul
Campestre da Serra,Campestre%20da%20Serra
Campina das Missões,Campina%20das%20Miss%C3%B5es
Campinas do Sul,Campinas%20do%20Sul
Campo Bom,Campo%20Bom
Campo Novo,Campo%20Novo
Campos Borges,Campos%20Borges
Candelária,Candel%C3%A1ria
Cândido Godói,C%C3%A2ndido%20God%C3%B3i
Candiota,Candiota
Canela,Canela
Canguçu,Cangu%C3%A7u
Canoas,Canoas
Canudos do Vale,Canudos%20do%20Vale
Capão Bonito do Sul,Cap%C3%A3o%20Bonito%20do%20Sul
Capão da Canoa,Cap%C3%A3o%20da%20Canoa
Capão do Cipó,Cap%C3%A3o%20do%20Cip%C3%B3
Capão do Leão,Cap%C3%A3o%20do%20Le%C3%A3o
Capela de Santana,Capela%20de%20Santana
Capitão,Capit%C3%A3o
Capivari do Sul,Capivari%20do%20Sul
Caraá,Cara%C3%A1
Carazinho,Carazinho
Carlos Barbosa,Carlos%20Barbosa
Carlos Gomes,Carlos%20Gomes
Casca,Casca
Caseiros,Caseiros
Catuípe,Catu%C3%ADpe
Caxias do Sul,Caxias%20do%20Sul
Centenário,Centen%C3%A1rio
Cerrito,Cerrito
Cerro Branco,Cerro%20Branco
Cerro Grande,Cerro%20Grande
Cerro Grande do Sul,Cerro%20Grande%20do%20Sul
Cerro Largo,Cerro%20Largo
Chapada,Chapada
Charqueadas,Charqueadas
Charrua,Charrua
Chiapetta,Chiapetta
Chuí,Chu%C3%AD
Chuvisca,Chuvisca
Cidreira,Cidreira
Ciríaco,Cir%C3%ADaco
Colinas,Colinas
Colorado,Colorado
Condor,Condor
Constantina,Constantina
Coqueiro Baixo,Coqueiro%20Baixo
Coqueiros do Sul,Coqueiros%20do%20Sul
Coronel Barros,Coronel%20Barros
Coronel Bicaco,Coronel%20Bicaco
Coronel Pilar,Coronel%20Pilar
Cotiporã,Cotipor%C3%A3
Coxilha,Coxilha
Crissiumal,Crissiumal
Cristal,Cristal
Cristal do Sul,Cristal%20do%20Sul
Cruz Alta,Cruz%20Alta
Cruzaltense,Cruzaltense
Cruzeiro do Sul,Cruzeiro%20do%20Sul
David Canabarro,David%20Canabarro
Derrubadas,Derrubadas
Dezesseis de Novembro,Dezesseis%20de%20Novembro
Dilermando de Aguiar,Dilermando%20de%20Aguiar
Dois Irmãos,Dois%20Irm%C3%A3os
Dois Irmãos das Missões,Dois%20Irm%C3%A3os%20das%20Miss%C3%B5es
Dois Lajeados,Dois%20Lajeados
Dom Feliciano,Dom%20Feliciano
Dom Pedrito,Dom%20Pedrito
Dom Pedro de Alcântara,Dom%20Pedro%20de%20Alc%C3%A2ntara
Dona Francisca,Dona%20Francisca
Doutor Maurício Cardoso,Doutor%20Maur%C3%ADcio%20Cardoso
Doutor Ricardo,Doutor%20Ricardo
Eldorado do Sul,Eldorado%20do%20Sul
Encantado,Encantado
Encruzilhada do Sul,Encruzilhada%20do%20Sul
Engenho Velho,Engenho%20Velho
Entre Rios do Sul,Entre%20Rios%20do%20Sul
Entre-Ijuís,Entre-Iju%C3%ADs
Erebango,Erebango
Erechim,Erechim
Ernestina,Ernestina
Erval Grande,Erval%20Grande
Erval Seco,Erval%20Seco
Esmeralda,Esmeralda
Esperança do Sul,Esperan%C3%A7a%20do%20Sul
Espumoso,Espumoso
Estação,Esta%C3%A7%C3%A3o
Estância Velha,Est%C3%A2ncia%20Velha
Esteio,Esteio
Estrela,Estrela
Estrela Velha,Estrela%20Velha
Eugênio de Castro,Eug%C3%AAnio%20de%20Castro
Fagundes Varela,Fagundes%20Varela
Farroupilha,Farroupilha
Faxinal do Soturno,Faxinal%20do%20Soturno
Faxinalzinho,Faxinalzinho
Fazenda Vilanova,Fazenda%20Vilanova
Feliz,Feliz
Flores da Cunha,Flores%20da%20Cunha
Floriano Peixoto,Floriano%20Peixoto
Fontoura Xavier,Fontoura%20Xavier
Formigueiro,Formigueiro
Forquetinha,Forquetinha
Fortaleza dos Valos,Fortaleza%20dos%20Valos
Frederico Westphalen,Frederico%20Westphalen
Garibaldi,Garibaldi
Garruchos,Garruchos
Gaurama,Gaurama
General Câmara,General%20C%C3%A2mara
Gentil,Gentil
Getúlio Vargas,Get%C3%BAlio%20Vargas
Giruá,Giru%C3%A1
Glorinha,Glorinha
Gramado,Gramado
Gramado dos Loureiros,Gramado%20dos%20Loureiros
Gramado Xavier,Gramado%20Xavier
Gravataí,Gravata%C3%AD
Guabiju,Guabiju
Guaíba,Gua%C3%ADba
Guaporé,Guapor%C3%A9
Guarani das Missões,Guarani%20das%20Miss%C3%B5es
Harmonia,Harmonia
Herval,Herval
Herveiras,Herveiras
Horizontina,Horizontina
Hulha Negra,Hulha%20Negra
Humaitá,Humait%C3%A1
Ibarama,Ibarama
Ibiaçá,Ibia%C3%A7%C3%A1
Ibiraiaras,Ibiraiaras
Ibirapuitã,Ibirapuit%C3%A3
Ibirubá,Ibirub%C3%A1
Igrejinha,Igrejinha
Ijuí,Iju%C3%AD
Ilópolis,Il%C3%B3polis
Imbé,Imb%C3%A9
Imigrante,Imigrante
Independência,Independ%C3%AAncia
Inhacorá,Inhacor%C3%A1
Ipê,Ip%C3%AA
Ipiranga do Sul,Ipiranga%20do%20Sul
Iraí,Ira%C3%AD
Itaara,Itaara
Itacurubi,Itacurubi
Itapuca,Itapuca
Itaqui,Itaqui
Itati,Itati
Itatiba do Sul,Itatiba%20do%20Sul
Ivorá,Ivor%C3%A1
Ivoti,Ivoti
Jaboticaba,Jaboticaba
Jacuizinho,Jacuizinho
Jacutinga,Jacutinga
Jaguarão,Jaguar%C3%A3o
Jaguari,Jaguari
Jaquirana,Jaquirana
Jari,Jari
Jóia,J%C3%B3ia
Júlio de Castilhos,J%C3%BAlio%20de%20Castilhos
Lagoa Bonita do Sul,Lagoa%20Bonita%20do%20Sul
Lagoa dos Três Cantos,Lagoa%20dos%20Tr%C3%AAs%20Cantos
Lagoa Vermelha,Lagoa%20Vermelha
Lagoão,Lago%C3%A3o
Lajeado,Lajeado
Lajeado do Bugre,Lajeado%20do%20Bugre
Lavras do Sul,Lavras%20do%20Sul
Liberato Salzano,Liberato%20Salzano
Lindolfo Collor,Lindolfo%20Collor
Linha Nova,Linha%20Nova
Maçambará,Ma%C3%A7ambar%C3%A1
Machadinho,Machadinho
Mampituba,Mampituba
Manoel Viana,Manoel%20Viana
Maquiné,Maquin%C3%A9
Maratá,Marat%C3%A1
Marau,Marau
Marcelino Ramos,Marcelino%20Ramos
Mariana Pimentel,Mariana%20Pimentel
Mariano Moro,Mariano%20Moro
Marques de Souza,Marques%20de%20Souza
Mata,Mata
Mato Castelhano,Mato%20Castelhano
Mato Leitão,Mato%20Leit%C3%A3o
Mato Queimado,Mato%20Queimado
Maximiliano de Almeida,Maximiliano%20de%20Almeida
Minas do Leão,Minas%20do%20Le%C3%A3o
Miraguaí,Miragua%C3%AD
Montauri,Montauri
Monte Alegre dos Campos,Monte%20Alegre%20dos%20Campos
Monte Belo do Sul,Monte%20Belo%20do%20Sul
Montenegro,Montenegro
Mormaço,Morma%C3%A7o
Morrinhos do Sul,Morrinhos%20do%20Sul
Morro Redondo,Morro%20Redondo
Morro Reuter,Morro%20Reuter
Mostardas,Mostardas
Muçum,Mu%C3%A7um
Muitos Capões,Muitos%20Cap%C3%B5es
Muliterno,Muliterno
Não-Me-Toque,N%C3%A3o-Me-Toque
Nicolau Vergueiro,Nicolau%20Vergueiro
Nonoai,Nonoai
Nova Alvorada,Nova%20Alvorada
Nova Araçá,Nova%20Ara%C3%A7%C3%A1
Nova Bassano,Nova%20Bassano
Nova Boa Vista,Nova%20Boa%20Vista
Nova Bréscia,Nova%20Br%C3%A9scia
Nova Candelária,Nova%20Candel%C3%A1ria
Nova Esperança do Sul,Nova%20Esperan%C3%A7a%20do%20Sul
Nova Hartz,Nova%20Hartz
Nova Pádua,Nova%20P%C3%A1dua
Nova Palma,Nova%20Palma
Nova Petrópolis,Nova%20Petr%C3%B3polis
Nova Prata,Nova%20Prata
Nova Ramada,Nova%20Ramada
Nova Roma do Sul,Nova%20Roma%20do%20Sul
Nova Santa Rita,Nova%20Santa%20Rita
Novo Barreiro,Novo%20Barreiro
Novo Cabrais,Novo%20Cabrais
Novo Hamburgo,Novo%20Hamburgo
Novo Machado,Novo%20Machado
Novo Tiradentes,Novo%20Tiradentes
Novo Xingu,Novo%20Xingu
Osório,Os%C3%B3rio
Paim Filho,Paim%20Filho
Palmares do Sul,Palmares%20do%20Sul
Palmeira das Missões,Palmeira%20das%20Miss%C3%B5es
Palmitinho,Palmitinho
Panambi,Panambi
Pantano Grande,Pantano%20Grande
Paraí,Para%C3%AD
Paraíso do Sul,Para%C3%ADso%20do%20Sul
Pareci Novo,Pareci%20Novo
Parobé,Parob%C3%A9
Passa Sete,Passa%20Sete
Passo do Sobrado,Passo%20do%20Sobrado
Passo Fundo,Passo%20Fundo
Paulo Bento,Paulo%20Bento
Paverama,Paverama
Pedras Altas,Pedras%20Altas
Pedro Osório,Pedro%20Os%C3%B3rio
Pejuçara,Peju%C3%A7ara
Pelotas,Pelotas
Picada Café,Picada%20Caf%C3%A9
Pinhal,Pinhal
Pinhal da Serra,Pinhal%20da%20Serra
Pinhal Grande,Pinhal%20Grande
Pinheirinho do Vale,Pinheirinho%20do%20Vale
Pinheiro Machado,Pinheiro%20Machado
Pinto Bandeira,Pinto%20Bandeira
Pirapó,Pirap%C3%B3
Piratini,Piratini
Planalto,Planalto
Poço das Antas,Po%C3%A7o%20das%20Antas
Pontão,Pont%C3%A3o
Ponte Preta,Ponte%20Preta
Portão,Port%C3%A3o
Porto Alegre,Porto%20Alegre
Porto Lucena,Porto%20Lucena
Porto Mauá,Porto%20Mau%C3%A1
Porto Vera Cruz,Porto%20Vera%20Cruz
Porto Xavier,Porto%20Xavier
Pouso Novo,Pouso%20Novo
Presidente Lucena,Presidente%20Lucena
Progresso,Progresso
Protásio Alves,Prot%C3%A1sio%20Alves
Putinga,Putinga
Quaraí,Quara%C3%AD
Quatro Irmãos,Quatro%20Irm%C3%A3os
Quevedos,Quevedos
Quinze de Novembro,Quinze%20de%20Novembro
Redentora,Redentora
Relvado,Relvado
Restinga Sêca,Restinga%20S%C3%AAca
Rio dos Índios,Rio%20dos%20%C3%8Dndios
Rio Grande,Rio%20Grande
Rio Pardo,Rio%20Pardo
Riozinho,Riozinho
Roca Sales,Roca%20Sales
Rodeio Bonito,Rodeio%20Bonito
Rolador,Rolador
Rolante,Rolante
Ronda Alta,Ronda%20Alta
Rondinha,Rondinha
Roque Gonzales,Roque%20Gonzales
Rosário do Sul,Ros%C3%A1rio%20do%20Sul
Sagrada Família,Sagrada%20Fam%C3%ADlia
Saldanha Marinho,Saldanha%20Marinho
Salto do Jacuí,Salto%20do%20Jacu%C3%AD
Salvador das Missões,Salvador%20das%20Miss%C3%B5es
Salvador do Sul,Salvador%20do%20Sul
Sananduva,Sananduva
Santa Bárbara do Sul,Santa%20B%C3%A1rbara%20do%20Sul
Santa Cecília do Sul,Santa%20Cec%C3%ADlia%20do%20Sul
Santa Clara do Sul,Santa%20Clara%20do%20Sul
Santa Cruz do Sul,Santa%20Cruz%20do%20Sul
Santa Margarida do Sul,Santa%20Margarida%20do%20Sul
Santa Maria,Santa%20Maria
Santa Maria do Herval,Santa%20Maria%20do%20Herval
Santa Rosa,Santa%20Rosa
Santa Tereza,Santa%20Tereza
Santa Vitória do Palmar,Santa%20Vit%C3%B3ria%20do%20Palmar
Santana da Boa Vista,Santana%20da%20Boa%20Vista
Sant'Ana do Livramento,Sant%27Ana%20do%20Livramento
Santiago,Santiago
Santo Ângelo,Santo%20%C3%82ngelo
Santo Antônio da Patrulha,Santo%20Ant%C3%B4nio%20da%20Patrulha
Santo Antônio das Missões,Santo%20Ant%C3%B4nio%20das%20Miss%C3%B5es
Santo Antônio do Palma,Santo%20Ant%C3%B4nio%20do%20Palma
Santo Antônio do Planalto,Santo%20Ant%C3%B4nio%20do%20Planalto
Santo Augusto,Santo%20Augusto
Santo Cristo,Santo%20Cristo
Santo Expedito do Sul,Santo%20Expedito%20do%20Sul
São Borja,S%C3%A3o%20Borja
São Domingos do Sul,S%C3%A3o%20Domingos%20do%20Sul
São Francisco de Assis,S%C3%A3o%20Francisco%20de%20Assis
São Francisco de Paula,S%C3%A3o%20Francisco%20de%20Paula
São Gabriel,S%C3%A3o%20Gabriel
São Jerônimo,S%C3%A3o%20Jer%C3%B4nimo
São João da Urtiga,S%C3%A3o%20Jo%C3%A3o%20da%20Urtiga
São João do Polêsine,S%C3%A3o%20Jo%C3%A3o%20do%20Pol%C3%AAsine
São Jorge,S%C3%A3o%20Jorge
São José das Missões,S%C3%A3o%20Jos%C3%A9%20das%20Miss%C3%B5es
São José do Herval,S%C3%A3o%20Jos%C3%A9%20do%20Herval
São José do Hortêncio,S%C3%A3o%20Jos%C3%A9%20do%20Hort%C3%AAncio
São José do Inhacorá,S%C3%A3o%20Jos%C3%A9%20do%20Inhacor%C3%A1
São José do Norte,S%C3%A3o%20Jos%C3%A9%20do%20Norte
São José do Ouro,S%C3%A3o%20Jos%C3%A9%20do%20Ouro
São José do Sul,S%C3%A3o%20Jos%C3%A9%20do%20Sul
São José dos Ausentes,S%C3%A3o%20Jos%C3%A9%20dos%20Ausentes
São Leopoldo,S%C3%A3o%20Leopoldo
São Lourenço do Sul,S%C3%A3o%20Louren%C3%A7o%20do%20Sul
São Luiz Gonzaga,S%C3%A3o%20Luiz%20Gonzaga
São Marcos,S%C3%A3o%20Marcos
São Martinho,S%C3%A3o%20Martinho
São Martinho da Serra,S%C3%A3o%20Martinho%20da%20Serra
São Miguel das Missões,S%C3%A3o%20Miguel%20das%20Miss%C3%B5es
São Nicolau,S%C3%A3o%20Nicolau
São Paulo das Missões,S%C3%A3o%20Paulo%20das%20Miss%C3%B5es
São Pedro da Serra,S%C3%A3o%20Pedro%20da%20Serra
São Pedro das Missões,S%C3%A3o%20Pedro%20das%20Miss%C3%B5es
São Pedro do Butiá,S%C3%A3o%20Pedro%20do%20Buti%C3%A1
São Pedro do Sul,S%C3%A3o%20Pedro%20do%20Sul
São Sebastião do Caí,S%C3%A3o%20Sebasti%C3%A3o%20do%20Ca%C3%AD
São Sepé,S%C3%A3o%20Sep%C3%A9
São Valentim,S%C3%A3o%20Valentim
São Valentim do Sul,S%C3%A3o%20Valentim%20do%20Sul
São Valério do Sul,S%C3%A3o%20Val%C3%A9rio%20do%20Sul
São Vendelino,S%C3%A3o%20Vendelino
São Vicente do Sul,S%C3%A3o%20Vicente%20do%20Sul
Sapiranga,Sapiranga
Sapucaia do Sul,Sapucaia%20do%20Sul
Sarandi,Sarandi
Seberi,Seberi
Sede Nova,Sede%20Nova
Segredo,Segredo
Selbach,Selbach
Senador Salgado Filho,Senador%20Salgado%20Filho
Sentinela do Sul,Sentinela%20do%20Sul
Serafina Corrêa,Serafina%20Corr%C3%AAa
Sério,S%C3%A9rio
Sertão,Sert%C3%A3o
Sertão Santana,Sert%C3%A3o%20Santana
Sete de Setembro,Sete%20de%20Setembro
Severiano de Almeida,Severiano%20de%20Almeida
Silveira Martins,Silveira%20Martins
Sinimbu,Sinimbu
Sobradinho,Sobradinho
Soledade,Soledade
Tabaí,Taba%C3%AD
Tapejara,Tapejara
Tapera,Tapera
Tapes,Tapes
Taquara,Taquara
Taquari,Taquari
Taquaruçu do Sul,Taquaru%C3%A7u%20do%20Sul
Tavares,Tavares
Tenente Portela,Tenente%20Portela
Terra de Areia,Terra%20de%20Areia
Teutônia,Teut%C3%B4nia
Tio Hugo,Tio%20Hugo
Tiradentes do Sul,Tiradentes%20do%20Sul
Toropi,Toropi
Torres,Torres
Tramandaí,Tramanda%C3%AD
Travesseiro,Travesseiro
Três Arroios,Tr%C3%AAs%20Arroios
Três Cachoeiras,Tr%C3%AAs%20Cachoeiras
Três Coroas,Tr%C3%AAs%20Coroas
Três de Maio,Tr%C3%AAs%20de%20Maio
Três Forquilhas,Tr%C3%AAs%20Forquilhas
Três Palmeiras,Tr%C3%AAs%20Palmeiras
Três Passos,Tr%C3%AAs%20Passos
Trindade do Sul,Trindade%20do%20Sul
Triunfo,Triunfo
Tucunduva,Tucunduva
Tunas,Tunas
Tupanci do Sul,Tupanci%20do%20Sul
Tupanciretã,Tupanciret%C3%A3
Tupandi,Tupandi
Tuparendi,Tuparendi
Turuçu,Turu%C3%A7u
Ubiretama,Ubiretama
União da Serra,Uni%C3%A3o%20da%20Serra
Unistalda,Unistalda
Uruguaiana,Uruguaiana
Vacaria,Vacaria
Vale do Sol,Vale%20do%20Sol
Vale Real,Vale%20Real
Vale Verde,Vale%20Verde
Vanini,Vanini
Venâncio Aires,Ven%C3%A2ncio%20Aires
Vera Cruz,Vera%20Cruz
Veranópolis,Veran%C3%B3polis
Vespasiano Corrêa,Vespasiano%20Corr%C3%AAa
Viadutos,Viadutos
Viamão,Viam%C3%A3o
Vicente Dutra,Vicente%20Dutra
Victor Graeff,Victor%20Graeff
Vila Flores,Vila%20Flores
Vila Lângaro,Vila%20L%C3%A2ngaro
Vila Maria,Vila%20Maria
Vila Nova do Sul,Vila%20Nova%20do%20Sul
Vista Alegre,Vista%20Alegre
Vista Alegre do Prata,Vista%20Alegre%20do%20Prata
Vista Gaúcha,Vista%20Ga%C3%BAcha
Vitória das Missões,Vit%C3%B3ria%20das%20Miss%C3%B5es
Westfália,Westf%C3%A1lia
Xangri-lá,Xangri-l%C3%A1
